<?xml version="1.0" encoding="UTF-8"?>

<mule xmlns:json="http://www.mulesoft.org/schema/mule/json" xmlns:http="http://www.mulesoft.org/schema/mule/http" xmlns:smtps="http://www.mulesoft.org/schema/mule/smtps" xmlns="http://www.mulesoft.org/schema/mule/core" xmlns:doc="http://www.mulesoft.org/schema/mule/documentation"
	xmlns:spring="http://www.springframework.org/schema/beans" version="EE-3.6.0"
	xmlns:xsi="http://www.w3.org/2001/XMLSchema-instance"
	xsi:schemaLocation="http://www.springframework.org/schema/beans http://www.springframework.org/schema/beans/spring-beans-current.xsd
http://www.mulesoft.org/schema/mule/core http://www.mulesoft.org/schema/mule/core/current/mule.xsd
http://www.mulesoft.org/schema/mule/http http://www.mulesoft.org/schema/mule/http/current/mule-http.xsd
http://www.mulesoft.org/schema/mule/smtps http://www.mulesoft.org/schema/mule/smtps/current/mule-smtps.xsd
http://www.mulesoft.org/schema/mule/json http://www.mulesoft.org/schema/mule/json/current/mule-json.xsd">
    <http:request-config name="HTTP_Request_Configuration" host="api.thingspeak.com" port="80" basePath="channels/9/feed.json" doc:name="HTTP Request Configuration"/>
    <spring:beans>
        <spring:bean id="transformador" name="Bean" class="eventos.Transformador"/>
    </spring:beans>
    <flow name="domoticaFlow">
        <poll doc:name="Poll">
            <fixed-frequency-scheduler frequency="30000"/>
            <http:request config-ref="HTTP_Request_Configuration" path="/" method="GET" doc:name="HTTP"/>
        </poll>
        <byte-array-to-string-transformer doc:name="Byte Array to String"/>
        <json:json-to-object-transformer doc:name="JSON to Object"/>
        <auto-transformer returnClass="eventos.EventoHogar" name="JsonDataToEventoHogar"/>
        <smtps:outbound-endpoint host="${mail.host}" port="465" user="${mail.username}" password="${mail.password}" to="${mail.to}" from="${mail.from}" subject="[SD] Alerta datos Xively" responseTimeout="10000" doc:name="SMTP"/>
    </flow>
</mule>
